{"cameraMode":{"drawMode":0,"name":"Shaded","section":"Shading Mode"},"sceneLighting":false,"audioPlay":false,"sceneViewState":{"m_AlwaysRefresh":false,"showFog":true,"showSkybox":false,"showFlares":true,"showImageEffects":true,"showParticleSystems":true,"showVisualEffectGraphs":true,"m_FxEnabled":true},"in2DMode":false,"pivot":{"x":0.34337085485458376,"y":0.6406803131103516,"z":18.346460342407228},"rotation":{"x":0.31881439685821535,"y":-0.31401821970939639,"z":0.11284931749105454,"w":0.8871413469314575},"size":0.829156219959259,"orthographic":false}