{"cameraMode":{"drawMode":0,"name":"Shaded","section":"Shading Mode"},"sceneLighting":false,"audioPlay":false,"sceneViewState":{"m_AlwaysRefresh":false,"showFog":true,"showSkybox":false,"showFlares":true,"showImageEffects":true,"showParticleSystems":true,"showVisualEffectGraphs":true,"m_FxEnabled":true},"in2DMode":false,"pivot":{"x":0.14351290464401246,"y":-10.43410873413086,"z":24.15327262878418},"rotation":{"x":0.4603841304779053,"y":0.014909252524375916,"z":-0.007733314298093319,"w":0.8875629901885986},"size":7.780928134918213,"orthographic":false}